x1,x2,x3,x4,x5,x6,x7,x8,x9,x10,x11,x12,x13,x14,x15,x16,x17,x18,x19,x20,x21,x22,x23,x24,x25,x26,x27,x28,x29,x30,x31,x32,x33,x34,x35,x36,x37,x38,x39,x40,x41,x42,x43,x44,x45,x46,x47,x48,x49,x50,x51,x52,x53,x54,x55,x56,x57,x58,x59,x60,x61,x62,x63,x64,x65,x66,x67,x68,x69,x70,x71,x72,x73,x74,x75,x76,x77,x78,x79,x80,x81,x82,x83,x84,x85,x86,x87,x88,x89,x90,x91,x92,x93,x94,x95,x96,x97,x98,x99,x100,y
0.4174110031,0.2221078105,0.1198653673,0.3376151714,0.9429097039,0.323202932,0.5187906217,0.7030189589,0.3636296024,0.9717820827,0.9624472949,0.2517822958,0.4972485059,0.3008783098,0.2848404944,0.03688694735,0.609564334,0.5026790232,0.05147875125,0.2786464642,0.908265886,0.2395618907,0.1448948721,0.4894527603,0.9856504541,0.2420552715,0.6721355474,0.7616196153,0.237637544,0.7282163486,0.3677831327,0.6323058306,0.6335297108,0.5357746841,0.09028977005,0.8353024956,0.320780065,0.1865185104,0.04077514155,0.5908929432,0.6775643618,0.01658782893,0.5120930583,0.2264957752,0.6451727904,0.174366429,0.6909377381,0.3867353463,0.9367299887,0.1375209441,0.3410663511,0.1134735212,0.9246936183,0.8773393534,0.2579416277,0.659984046,0.8172222002,0.5552008116,0.5296505784,0.2418522909,0.09310276781,0.897215758,0.9004180572,0.6331014573,0.339029791,0.3492095746,0.7259556789,0.89711026,0.8870864243,0.7798755459,0.6420316462,0.084139965,0.1616287141,0.8985541885,0.6064290597,0.009197051617,0.1014715429,0.6635017691,0.005061583846,0.1608080514,0.5487337894,0.6918951977,0.6519612595,0.2242693095,0.7121792213,0.2372490875,0.3253996982,0.7464914051,0.649632899,0.8492234105,0.6576128923,0.5683086033,0.09367476783,0.3677158031,0.2652023677,0.2439896434,0.9730105548,0.3930977247,0.8920465552,0.631138626,24.71326807
0.7948113035,0.5026370931,0.5769038846,0.4925176938,0.1952429878,0.7224521153,0.2807723624,0.02431596643,0.6454722959,0.1771106794,0.9404585844,0.953928577,0.9148643902,0.3701587003,0.01545661653,0.9283185626,0.4281841483,0.966654819,0.9636199771,0.8530094555,0.2944488921,0.3850977286,0.8511366715,0.3169220052,0.1694927467,0.5568012625,0.9361547742,0.6960297967,0.5700611701,0.09717649377,0.6150072267,0.9900538501,0.1400840152,0.5183296524,0.8773730719,0.7407686178,0.697015741,0.702484084,0.3594911512,0.2935918443,0.8093611555,0.8101133947,0.8670723186,0.9132405526,0.5113423989,0.5015162947,0.798295179,0.6499639308,0.7019668773,0.7957926694,0.8900053418,0.3379951569,0.3755829526,0.09398193984,0.578280141,0.0359422738,0.4655980181,0.5426446347,0.2865412521,0.5908332606,0.03050024994,0.03734818875,0.8226005607,0.3601906414,0.1270605127,0.5222432601,0.7699935531,0.2158210275,0.6228904758,0.08534746499,0.05168172117,0.5313546316,0.5406351216,0.6374299015,0.7260913337,0.9758520795,0.5163003483,0.3229564729,0.7951861948,0.2708322513,0.4389714207,0.07845638134,0.02535074342,0.9626484147,0.8359801205,0.6959742061,0.4089529444,0.1732943201,0.1564370427,0.2502428982,0.5492266647,0.7145959227,0.6601973767,0.2799338969,0.9548652807,0.7378969167,0.5543540525,0.6117207462,0.4196000624,0.2477309895,24.97333559
0.3559726787,0.7578461105,0.01439348863,0.1160726405,0.04600264202,0.04072880232,0.855460584,0.7036578594,0.4741738291,0.09783416065,0.4916158751,0.4734717708,0.1732018699,0.4338516492,0.3985047344,0.6158500981,0.6350936509,0.04530400977,0.3746126146,0.6258599157,0.5031362586,0.8564898412,0.6586936316,0.1629344271,0.0705687474,0.6424192782,0.02651131054,0.5857755813,0.9402302414,0.5754741779,0.3881699262,0.6432882184,0.4582528905,0.5456167893,0.9414648088,0.3861026378,0.9611905638,0.905350642,0.1957911348,0.06936130088,0.1007780014,0.01822182565,0.09444296076,0.6830067734,0.07118864846,0.3189756303,0.844875311,0.02327193574,0.8144684826,0.2818547748,0.1181648276,0.6967371654,0.6289428468,0.8774720135,0.7350710438,0.8034809304,0.2820345726,0.1774395438,0.7506147516,0.8068347393,0.990505142,0.4126176769,0.3720180858,0.7764129607,0.3408035403,0.9307573256,0.8584127518,0.4289940274,0.7508710678,0.7545428741,0.1031238688,0.9025529067,0.5052523724,0.8264574661,0.320049601,0.8955232285,0.3892016787,0.01083765148,0.9053819764,0.09128667679,0.3193136376,0.9500619671,0.9506071469,0.5734378881,0.6318372122,0.448445522,0.2932107717,0.3286645454,0.6725184561,0.7523745294,0.7915790437,0.7896181428,0.09120610305,0.4944203047,0.05755876002,0.5495288823,0.4415305014,0.8877041828,0.3509150126,0.1170670164,24.76747717
0.1429916821,0.7615106317,0.6182180633,0.1011226761,0.08410680611,0.7009691315,0.07276300636,0.8218600593,0.7062422272,0.08134878064,0.08483771409,0.9866395785,0.3742707958,0.3706421471,0.8127995673,0.9472485774,0.9860010638,0.7533781853,0.3762595855,0.0835007167,0.7771469159,0.5584042497,0.4242220092,0.9063543851,0.1111974823,0.4926251043,0.01135364477,0.468660642,0.05630327568,0.1188179163,0.1175262468,0.6492103021,0.7460448793,0.5833687651,0.9621725485,0.3748705795,0.2857120863,0.8685991282,0.2235958385,0.9632225394,0.01215447469,0.9698788267,0.04315991195,0.8911431137,0.5277011091,0.9929647961,0.07379656474,0.5538542844,0.9693025356,0.5230978442,0.6293986381,0.695748689,0.4545410648,0.6275580801,0.5843143119,0.9011580105,0.04544638034,0.2809631896,0.9504114841,0.8902637839,0.4556567528,0.6201325978,0.277381183,0.1881211597,0.4636984049,0.353352228,0.5836561119,0.07773463696,0.9743948077,0.9862107445,0.698161714,0.5360963663,0.3095276163,0.8137950197,0.6847311726,0.1626169393,0.9109271845,0.8225372429,0.9497999133,0.7257195084,0.6134151959,0.4182430363,0.9327284834,0.8660638895,0.04521867011,0.0263669745,0.3764633669,0.8105533308,0.9872761293,0.1504168911,0.5941307154,0.3808908566,0.9699143978,0.8421189231,0.8383287047,0.4686931598,0.4148195023,0.2734070719,0.05637549665,0.8647223763,23.75765842
0.8129010091,0.9997176733,0.9966368371,0.5554317056,0.7689874152,0.9447657299,0.8496473907,0.2473481017,0.4505441353,0.1291594152,0.9540510273,0.6061746345,0.2286428055,0.6717006844,0.6181282405,0.358162718,0.1135575922,0.6715731956,0.5203077009,0.7723183917,0.5201635011,0.8521815003,0.5519068388,0.5609379715,0.8766536027,0.4034828662,0.1340152285,0.02878267631,0.7551372557,0.6203095514,0.7040797681,0.2129641615,0.1363714756,0.01454466567,0.3505875588,0.5899176869,0.3922440451,0.437474922,0.9041586945,0.348255467,0.5139894892,0.7836530127,0.3965427823,0.6220867002,0.8623637087,0.9495206237,0.1470734809,0.9265876252,0.4921162931,0.2582443883,0.4591357562,0.9800325753,0.492618094,0.3287516103,0.6334008543,0.2401456188,0.07586332811,0.1288797219,0.128045839,0.1519026935,0.1388271726,0.6408747448,0.1818800844,0.3456672833,0.8967884099,0.4739616403,0.6675577385,0.1723198712,0.1922890188,0.04086861627,0.1689350631,0.278590339,0.1770104843,0.08870253376,0.1206358711,0.460778768,0.2063337184,0.364269861,0.5034172709,0.6903948286,0.03931213984,0.7994103989,0.6279003895,0.08175903195,0.8735786241,0.9208724005,0.06107795985,0.2768776481,0.8062012798,0.7482596904,0.1845210194,0.2093493233,0.3704721028,0.4845229852,0.6182547715,0.3689136396,0.4625347161,0.7474709381,0.03668320289,0.2524369443,21.4905701
0.7133495859,0.8952068377,0.5116774421,0.5321134853,0.1071720113,0.4474123668,0.5326172665,0.2424705036,0.2692432309,0.3772841631,0.02007119778,0.3220791656,0.211448007,0.3274973522,0.1197621318,0.8905272807,0.5935924536,0.6791023191,0.7891712386,0.4984421989,0.08692028809,0.5371065418,0.586841118,0.7454394742,0.4316595462,0.1275803028,0.2837759058,0.3630822964,0.6459172413,0.5707783047,0.3560967259,0.9865152488,0.6057748194,0.2372267917,0.1017824726,0.1528591392,0.2459577284,0.1606813733,0.1865670241,0.2850951687,0.1733735953,0.8967654246,0.08023374566,0.5245113896,0.410396827,0.9823786169,0.1120389022,0.397855599,0.9694704333,0.8655071259,0.8170720709,0.257902827,0.1708875874,0.6686432199,0.9293759891,0.556762893,0.5716126895,0.2799790937,0.7694929332,0.1870437486,0.3236792364,0.4254364386,0.5076103787,0.2424097324,0.1148368247,0.6106200424,0.2886305532,0.5812382214,0.1543627153,0.4811401019,0.5325894326,0.05182353682,0.3366042782,0.1344146769,0.06337497047,0.9899602324,0.322353845,0.8098744459,0.2546406548,0.6815027222,0.7602278599,0.5956387406,0.4715761886,0.4118409141,0.3488682665,0.9295291442,0.8306194078,0.9650269107,0.1242972235,0.7308674752,0.9383404568,0.1812330662,0.06649626737,0.7411206493,0.5744731132,0.8418287768,0.1397723766,0.7952673119,0.20162732,0.1636559429,23.83176225
0.1642657979,0.8145747202,0.6651972207,0.5230654248,0.3588304841,0.8772005408,0.3924451074,0.8165994395,0.4391349086,0.3769444294,0.4626797857,0.3013778742,0.7476093802,0.5027203901,0.2322126951,0.8995745733,0.3838912214,0.5435528611,0.906472111,0.6242379959,0.1168980407,0.9398321236,0.6277080531,0.3349056147,0.1392720727,0.7940251893,0.6200727559,0.533461092,0.8938925831,0.7885972112,0.1516748797,0.3117220678,0.2484891398,0.7439462926,0.03353243474,0.5698896849,0.7624586857,0.8767656368,0.3420817487,0.8212573047,0.110631737,0.8464522917,0.1274886623,0.3972872906,0.7972953658,0.1499174273,0.2292513952,0.7222525684,0.7200365365,0.6411476329,0.6939484445,0.5427244433,0.2517990589,0.3456959935,0.1815977168,0.9084505613,0.5833917948,0.4008514168,0.4620058036,0.9472833396,0.1533514031,0.586229832,0.5058886789,0.6114542354,0.01811018382,0.8721239089,0.9321182825,0.5651331836,0.6966508239,0.9224993812,0.7072386343,0.1525390429,0.5762883602,0.6067150464,0.4241306713,0.7364442356,0.9343670148,0.9255685129,0.4508393714,0.1132380458,0.984841199,0.8388980864,0.1246626812,0.9208418826,0.8698963621,0.5188380571,0.5912754357,0.3990027039,0.05476163882,0.3351972416,0.8028534486,0.004632023005,0.3334991717,0.3981686936,0.5373956029,0.9198556164,0.3463459944,0.3469532019,0.7375012481,0.4522179409,23.82046768
0.2246048229,0.4524395161,0.1408570204,0.1763869865,0.4983677727,0.4189254495,0.9148459011,0.3623938991,0.5805883503,0.6322642879,0.01309445659,0.663537372,0.1780359669,0.9610703175,0.1486627278,0.4146241237,0.08534966808,0.9968742518,0.5021950103,0.5953850173,0.06707647739,0.7499604704,0.2099055931,0.8980542894,0.2051396405,0.1906877207,0.03654966785,0.4720669451,0.5648411333,0.06570863943,0.7755276167,0.4532888347,0.5243902693,0.4407627469,0.4007630609,0.5596403313,0.1552402459,0.1819281305,0.861785621,0.9461154621,0.3733093163,0.2707446731,0.6439995432,0.4087341711,0.02538635566,0.1561525974,0.7159722288,0.6589239419,0.0270959925,0.2219721619,0.2310747966,0.6718927436,0.01971053775,0.104108582,0.7999160854,0.1785446621,0.6527461079,0.238182781,0.09944139276,0.243172191,0.7222669319,0.8556964681,0.8302198646,0.3971835296,0.6680851366,0.2049842954,0.2931477303,0.8963358185,0.01300192351,0.08550853085,0.2078862551,0.02653220387,0.1814354351,0.583041561,0.4214245506,0.8926717111,0.8174435617,0.3418173517,0.2594234334,0.3796924082,0.5902949425,0.2680636408,0.6241489078,0.4094116522,0.5520471809,0.4361265291,0.2944657595,0.948453307,0.7636057942,0.1401131758,0.8684679759,0.4874311982,0.8945522269,0.7998552559,0.4252135045,0.02246930832,0.2686773594,0.5416342147,0.6334782198,0.2578876854,19.79622534
0.1393560741,0.8349302368,0.9844021807,0.5256901823,0.1716792858,0.2723073265,0.01839067655,0.9142988066,0.1177510829,0.5765164755,0.2740552207,0.5541780025,0.6514203884,0.8297418037,0.2064212718,0.01099582866,0.1368856301,0.9000186418,0.8738900776,0.5974131022,0.6005168604,0.6650366745,0.1753712786,0.9144119459,0.4187705249,0.3831385282,0.5189177053,0.04696596678,0.1662833688,0.7380336164,0.08279866793,0.6031521095,0.2453491097,0.389295614,0.2886937368,0.3556727165,0.7190459052,0.2971217156,0.5664046403,0.4760504022,0.6636711654,0.9368297393,0.7325720972,0.2149403786,0.03118313506,0.2622640443,0.5950779307,0.05142581348,0.4963662472,0.5968428489,0.3342438908,0.7709122037,0.1065982531,0.07513778174,0.7281887562,0.4954913162,0.6884023964,0.4348273386,0.2464020332,0.8191023177,0.799415879,0.6946964709,0.2721451372,0.5902306669,0.3609738969,0.09158207333,0.9173135755,0.1368186309,0.9502373538,0.446005773,0.1851329288,0.5419009474,0.8729458359,0.7322248864,0.8065611479,0.6587833667,0.6922765645,0.8491956516,0.2496680089,0.4894249636,0.2212094418,0.987668008,0.9440593397,0.03942681137,0.7055751725,0.9252483174,0.1805753451,0.5679452306,0.9154882976,0.03394597859,0.6974202672,0.2973490074,0.9243961954,0.9710582452,0.9442664891,0.4742142167,0.862042651,0.8445493985,0.3191004732,0.8289154742,23.87461173
0.03700763472,0.5962698785,0.2300088373,0.1205668858,0.07695320163,0.6962887759,0.3398749638,0.7247667715,0.0653563408,0.3152903378,0.5394912924,0.7907231648,0.3187525029,0.6258913764,0.8859777482,0.6158631882,0.2329594748,0.02440078156,0.8700988739,0.02126941085,0.8747016727,0.528937134,0.9390676985,0.7987832358,0.9979341105,0.3507118155,0.7671882889,0.4019309136,0.4798756203,0.6275054632,0.8736771142,0.9840834692,0.7682734139,0.4177667822,0.4213570023,0.7375823016,0.2387771458,0.1104741131,0.3546221576,0.2872389917,0.2963081205,0.233607751,0.04209318964,0.01787393473,0.9877223897,0.4277731337,0.3843266472,0.6796472827,0.2182538879,0.949961184,0.7863450144,0.08941100231,0.4175807758,0.8791183076,0.9447320223,0.4674015112,0.6134113892,0.1670339461,0.9911686261,0.2316717014,0.9427317741,0.649646649,0.6077367949,0.512688511,0.2306698117,0.176528032,0.2204862091,0.1864382621,0.7795844736,0.3501252592,0.05784267656,0.9691026301,0.883785885,0.9277522832,0.9949078226,0.1738952492,0.3962420189,0.7582384757,0.6960206181,0.1538959063,0.815833125,0.2244405718,0.2238176148,0.5369744229,0.5929399348,0.5800862078,0.0914868374,0.8774608626,0.2656000426,0.1295149213,0.8887480799,0.9556514982,0.8621276173,0.8095160747,0.6552419806,0.5508573706,0.08698675991,0.4084532131,0.372688517,0.2597537838,22.79636286
0.7234201137,0.4958757351,0.08104621591,0.2201832019,0.6832587637,0.07613085949,0.851206914,0.495146527,0.4805865773,0.5924077847,0.8246809659,0.3478092079,0.6780161526,0.565731964,0.2670282702,0.8786299864,0.7974260216,0.6584518347,0.8505817291,0.867294201,0.7083629767,0.8370133284,0.6974714617,0.6801407718,0.6186113782,0.7527166396,0.1586051053,0.8808707592,0.8718435277,0.02924728303,0.8258167506,0.1288698675,0.3351188543,0.7435082563,0.160759896,0.8179670241,0.832134178,0.5074677338,0.006385871717,0.2870381332,0.6169269184,0.981186178,0.631813527,0.2598035811,0.6340057031,0.5399853797,0.7798453952,0.1069806388,0.7610279025,0.5412665787,0.9629920039,0.341872166,0.6326218931,0.9320281055,0.102509728,0.9372284872,0.6878857223,0.06783705911,0.3009635669,0.7081720886,0.06735060147,0.5821704602,0.345883057,0.6209155178,0.04574203381,0.8715368062,0.9734889692,0.9688778553,0.7496518317,0.1300862401,0.7582631959,0.02458691646,0.02212355153,0.3236102191,0.4886431904,0.7704074178,0.6832953766,0.4459027064,0.2736266663,0.9971245002,0.4261813022,0.4513870243,0.1636238212,0.7948095487,0.6936822258,0.2207696128,0.08238104562,0.6804993021,0.6545112143,0.273259527,0.9508635623,0.1510578918,0.432334801,0.9436159202,0.4197273169,0.6385259477,0.397594398,0.2742152023,0.983977648,0.4093340063,20.76676993
0.8940992037,0.2299546059,0.213104704,0.03113408288,0.6516668254,0.3685263437,0.8643582498,0.4732099067,0.9681934279,0.1855255157,0.868623168,0.7765968528,0.7709218446,0.8447832281,0.7610239909,0.6262203216,0.1312448777,0.03252617949,0.9208478478,0.6166503145,0.796537291,0.4815223515,0.117308189,0.1251857922,0.6855652872,0.4303058949,0.2005247267,0.4915945467,0.06420893708,0.5819714019,0.2689934044,0.7975591006,0.3103619589,0.4552201491,0.01162053991,0.07244688779,0.3924935564,0.4799388347,0.6000205481,0.2916625787,0.6949818861,0.8601223972,0.7798509889,0.03961882535,0.4805069473,0.1049301784,0.2420450159,0.9866625933,0.1424955429,0.4988881535,0.6181557343,0.7024649705,0.5596486835,0.009770847419,0.3264613082,0.5177116434,0.08786649914,0.3506269312,0.03320310879,0.07857849716,0.3969232762,0.132715754,0.5675408483,0.6894649691,0.8005866991,0.2001502442,0.1674825823,0.1045678403,0.6364302495,0.7064757265,0.03158614483,0.9362122462,0.05197128365,0.5412963353,0.7090605195,0.8709691237,0.7140869321,0.8017280831,0.3394501925,0.8148251137,0.08011484638,0.8948166561,0.5475923762,0.81729777,0.4523182845,0.6435776952,0.5264026609,0.7315895218,0.08162998203,0.06035208399,0.247103234,0.1595446801,0.8717835666,0.2192139874,0.9758652558,0.3368957918,0.1821179157,0.7896985071,0.6587077755,0.4981957165,19.38894104
0.5553635509,0.7192017783,0.2284547413,0.9963339161,0.9747931621,0.6503256863,0.1995424509,0.6802282424,0.07219840898,0.03065250221,0.2576828885,0.4626229567,0.8682725054,0.7271690698,0.7427065212,0.4254933344,0.3459349925,0.371038763,0.9876495637,0.04010919141,0.8670314961,0.5786754086,0.4386154192,0.7252576604,0.4866689414,0.8734232381,0.900701864,0.4217209269,0.2768277972,0.5923503286,0.9123633456,0.210662189,0.6229665836,0.6315602201,0.7331130224,0.1315676851,0.7158249647,0.9090325207,0.1796831089,0.2375433249,0.971395094,0.1809769527,0.8543850934,0.4922778564,0.2472310744,0.8707499013,0.445305255,0.5148173539,0.3592333694,0.5929508514,0.1635238726,0.3910815367,0.9694123223,0.2581334327,0.6567366645,0.3251900642,0.7734731257,0.1308736607,0.9698210451,0.4537895414,0.2360504633,0.07349674733,0.1697579051,0.5197739486,0.3370031764,0.8288833659,0.4308875237,0.2487142726,0.6171449866,0.7067772169,0.1670419079,0.1676192163,0.03667142693,0.7364020151,0.6638045276,0.4746308757,0.844170449,0.805670153,0.5853543644,0.8682712805,0.20584121,0.1119196194,0.2697496115,0.05708685609,0.531169528,0.9366056923,0.03934354067,0.122109914,0.4521990283,0.9338750175,0.316156105,0.5072348087,0.04157285905,0.148343201,0.986630123,0.9651186964,0.004939980934,0.9518117854,0.6391199378,0.8679182945,21.51910393
0.4547398556,0.5155960286,0.4888465803,0.6668642575,0.1396512548,0.02997358987,0.3079299416,0.7046807627,0.2018534521,0.6734324333,0.9699120461,0.09390071579,0.6726021182,0.4437502193,0.8681422544,0.1771497894,0.6926259522,0.8381152896,0.9446142195,0.6832480283,0.497174764,0.6178472402,0.8689049845,0.5706097466,0.0303870597,0.9309486955,0.689526751,0.6765133858,0.2156751524,0.6588854702,0.3938644057,0.651232977,0.1065930303,0.6578453046,0.9994137258,0.04821203886,0.9771741842,0.4069079607,0.8707534503,0.7823854841,0.567016261,0.7384492093,0.8785155613,0.4041403217,0.3270331616,0.6675933856,0.8078459419,0.7622851348,0.7978136489,0.4355833148,0.8178342162,0.1202090554,0.544489098,0.005758660498,0.3245858299,0.3664615349,0.3961726916,0.6954672067,0.3885581013,0.4486936226,0.2375441309,0.3732517916,0.2272696273,0.07319592377,0.6034485934,0.6682127986,0.619490346,0.4634940438,0.3797857802,0.8633336496,0.5190817851,0.4791818776,0.02564206581,0.3412478276,0.3801956188,0.3988227809,0.5801723692,0.5336025467,0.6079050928,0.7648832615,0.8129857387,0.7181230762,0.955523696,0.01823258268,0.1957779857,0.007562874978,0.6474747142,0.8980305489,0.2434822966,0.9270345448,0.06026739029,0.9344360268,0.3516226872,0.1014208284,0.4858717592,0.2567765677,0.284872902,0.3072899649,0.8030258978,0.5391612767,26.69613158
0.3113076992,0.6103337833,0.7161506742,0.2726240007,0.4135491015,0.1218860933,0.1811493495,0.681117854,0.1814383477,0.5251633837,0.7090462617,0.1068769231,0.5673122196,0.2565627837,0.9629268752,0.4835456467,0.8059925498,0.5502265422,0.04341253285,0.6331513756,0.9514033422,0.6016118201,0.8191888594,0.8842064633,0.2280797719,0.2120448399,0.6109809889,0.4110284698,0.8398613029,0.9000231234,0.3534213793,0.236870559,0.7805255152,0.2748060355,0.8226143185,0.4237382536,0.6675498993,0.09553531383,0.6238593247,0.4517676787,0.5866084632,0.1680142077,0.7368737449,0.8627970775,0.2167398001,0.09571455552,0.02363858605,0.6419715004,0.6070940361,0.5466974127,0.2319470961,0.3909059959,0.5944763352,0.4967668589,0.9877855202,0.1364397526,0.695144554,0.4043187681,0.4281996149,0.7175977657,0.6924361513,0.9912559937,0.1283942895,0.1041096494,0.7243388171,0.578386917,0.2741606666,0.07941936899,0.0856582496,0.8941908747,0.1918673247,0.3233715621,0.2266564022,0.3549963058,0.06942384275,0.5190597909,0.06761256359,0.8003565078,0.2337120819,0.5400119146,0.8800790876,0.650877369,0.5329577866,0.3243337531,0.3330019131,0.6694869552,0.9941393612,0.6618391898,0.5577834174,0.7306505102,0.4652056123,0.0601423426,0.5622968159,0.9576252845,0.1753029424,0.6900048908,0.2009336887,0.5358276845,0.09667644965,0.4503709363,26.02556159
0.7561633289,0.3475715242,0.6649117245,0.7954499608,0.9271778195,0.2346420819,0.3993159158,0.1524160133,0.9924835022,0.9270009679,0.5399571303,0.8420332944,0.5209579773,0.623585688,0.08912443212,0.7552704205,0.1277134836,0.8260676303,0.7820280877,0.7087446977,0.03616038052,0.3031283559,0.2631125699,0.3601364075,0.08764274676,0.936957823,0.5538022407,0.3055243107,0.3969815171,0.4472025405,0.6005943334,0.5156794277,0.9193919732,0.4969634829,0.9921580148,0.8514249577,0.2085105144,0.9305952146,0.1163663979,0.8174497085,0.3806232935,0.8779743204,0.8680566901,0.8059254001,0.7900304363,0.3046791391,0.08091928305,0.4029801788,0.173524515,0.6949510889,0.3460997265,0.9756102009,0.6409720773,0.8224805636,0.1325246727,0.8620144823,0.9227571905,0.4870619188,0.6062529378,0.7648098009,0.1748386273,0.5025660765,0.3986630278,0.1463739922,0.3675344223,0.06817230939,0.02581190695,0.1351662892,0.9631151116,0.5495295359,0.9658221612,0.4324978783,0.3118161331,0.5061418628,0.4395116886,0.1056646843,0.6408263147,0.2160381825,0.6195879549,0.6502010924,0.1520248531,0.06134962711,0.7807615861,0.4598004238,0.05816379551,0.9948663172,0.057780561,0.6950352289,0.9836789253,0.2391801042,0.1422493687,0.1213849394,0.3032751476,0.101045811,0.6921613417,0.06229179813,0.5094221281,0.9966968539,0.8139702695,0.6152194382,22.59586819
0.3062536208,0.6238958363,0.5270414639,0.4260833839,0.1307103767,0.8866042152,0.4497846488,0.1946225118,0.3677593509,0.4141297525,0.8275378956,0.7336143806,0.7693048936,0.01103126443,0.4161539982,0.4813441516,0.01919227682,0.2598132087,0.7602898231,0.1371097057,0.5353101315,0.215201872,0.01212077464,0.2412014576,0.9758737549,0.8015371119,0.9595766443,0.4878540439,0.1097361987,0.547959489,0.4543773346,0.8443570827,0.09808258078,0.488241137,0.1500486647,0.3246759269,0.7373570774,0.4760181294,0.3758882851,0.3944762786,0.4594467684,0.7850165438,0.8920846889,0.9553346865,0.7869033863,0.3154068957,0.6881347061,0.4376031241,0.254670622,0.8408715794,0.03842634896,0.9017619921,0.4614774646,0.6372014768,0.6593539222,0.8951177407,0.6366696822,0.6139335848,0.06665204056,0.5184080219,0.1501690008,0.7374337687,0.5122219208,0.6802277792,0.0416729006,0.08479201605,0.7163233881,0.072084336,0.07125672777,0.01210847523,0.9565013983,0.7375083595,0.3532514085,0.2965355813,0.3497032297,0.7746535312,0.6613706111,0.1851955679,0.1741093353,0.09839564971,0.6603027197,0.7643726622,0.2650464283,0.02094496103,0.08217166748,0.9678600348,0.2954447775,0.7692231478,0.6246635689,0.3819396397,0.2056872622,0.1213864182,0.615012968,0.7746337806,0.6439042535,0.5303021332,0.04195122343,0.9684887776,0.7987141917,0.2928220367,22.08277089
0.9799703294,0.6018815896,0.5824226582,0.7480731794,0.8117697881,0.6564786073,0.1280957464,0.338267506,0.9280836403,0.2246156118,0.3721670238,0.4320768829,0.4394049897,0.6129395825,0.9430758377,0.2406927118,0.1215013763,0.1974704899,0.8869249002,0.6458108127,0.2859067892,0.815946939,0.8613699964,0.8465143387,0.9189265336,0.2522410202,0.7550419287,0.4605394973,0.8419985529,0.7284906772,0.7764474465,0.6561618377,0.1774287695,0.5450269189,0.9846697395,0.9373880665,0.0431737358,0.1648148157,0.1317287735,0.72597991,0.8177853299,0.2135113663,0.505852693,0.840703028,0.7328015448,0.5422372055,0.5903476905,0.5083605469,0.2975484513,0.5650219929,0.6888853021,0.8733229159,0.636291354,0.761121537,0.160071635,0.4615574744,0.009331619827,0.2466788645,0.7264617151,0.9918099513,0.09917809959,0.4014943159,0.8000709687,0.2040356346,0.5550849493,0.733071296,0.6159854503,0.1880247346,0.3553845687,0.7837917845,0.5542265141,0.005229613543,0.76099076,0.03531135494,0.7457337827,0.2024805602,0.9580734801,0.3679407513,0.3269316163,0.1488880503,0.3056042155,0.8766507618,0.9963343376,0.3683095305,0.448610631,0.7220709382,0.8861957805,0.5930443342,0.3915256982,0.4126218408,0.6956181465,0.003218263604,0.6195893375,0.3554930104,0.7941973313,0.09299063982,0.5882022669,0.4809728899,0.6423255259,0.06485359448,22.43129905
0.5799837874,0.561484588,0.5606600944,0.6034876666,0.6764679372,0.8049889997,0.2698207201,0.8250494102,0.4982556823,0.07705827913,0.05855092924,0.3342383187,0.7848969771,0.7076809347,0.7886149647,0.5172690564,0.440198998,0.1474525267,0.3281927536,0.4340193662,0.08860042968,0.2206119527,0.5982252941,0.7356631142,0.9983475114,0.9331133313,0.6425651995,0.4212480533,0.6361773647,0.7856516181,0.1183361909,0.4099048897,0.8398022856,0.3838329519,0.5718722712,0.5877693609,0.1844762531,0.3622354417,0.3345112887,0.02619670853,0.02419176389,0.8316970437,0.27307081,0.5180787662,0.2987255736,0.9406792451,0.2592967589,0.4296568127,0.8727302505,0.8419335668,0.1861014178,0.8026433098,0.4581868867,0.4829688721,0.1334799724,0.08060151376,0.727939307,0.4964611524,0.4368507026,0.7295082287,0.765512899,0.1589081677,0.6102251495,0.1353540823,0.751375086,0.6569551563,0.9566146211,0.06895801636,0.05705472115,0.2821870747,0.2617056837,0.2469787991,0.9062545805,0.2495461998,0.2719497261,0.7593982624,0.4497398425,0.776710557,0.06536615756,0.4875711937,0.03361360018,0.06265320346,0.9064374533,0.1392453711,0.5324206823,0.4110956026,0.3473433263,0.8998333457,0.02182339678,0.6637896862,0.9633944342,0.5601681835,0.936822462,0.05225787929,0.4187933191,0.260157791,0.730820965,0.9812970905,0.2565300624,0.6541746015,22.33166528
0.1980976328,0.5653302546,0.4639324867,0.9720053296,0.6085272727,0.3495063721,0.1140957849,0.1512468287,0.22531693,0.2509666613,0.8506160578,0.5612227883,0.5233909114,0.1147688719,0.8601396933,0.7228143032,0.0676683619,0.7078350972,0.5435382173,0.08172534575,0.4583006415,0.4846962871,0.1657745402,0.945698147,0.8499753715,0.6690223373,0.462295561,0.4117655416,0.6509734672,0.5454318694,0.06227310588,0.5125026488,0.8064036172,0.4592398776,0.05195657755,0.7862781994,0.2013637821,0.2586208349,0.1647063534,0.3302150649,0.7567515057,0.5193858595,0.2048812742,0.8778300782,0.879581855,0.870578425,0.2387962114,0.4512393442,0.9849896561,0.7720124763,0.02716742123,0.06520459126,0.4639313768,0.9092202059,0.538701798,0.497812508,0.1054737,0.6567801047,0.8221031606,0.3804200075,0.7756118509,0.9644766539,0.2037664591,0.5233296312,0.2871379581,0.792854419,0.5775933659,0.6345824176,0.7979141596,0.3959704727,0.9150900684,0.5330288672,0.1579548228,0.6958991182,0.7932613504,0.3167616771,0.857179257,0.9061432548,0.2769044874,0.9835214727,0.140711528,0.2020156684,0.1842248392,0.89398971,0.6542925523,0.1521042832,0.4403234184,0.6152980251,0.08346408499,0.8824163684,0.8036035354,0.5052067736,0.9671266153,0.4177609793,0.984110319,0.6679199988,0.6346712733,0.1659548953,0.8819277583,0.4274896879,21.36440099
0.1622334058,0.01260751998,0.5597556836,0.5273996221,0.7193536224,0.890258053,0.07940658464,0.7314964903,0.1874119441,0.8581770532,0.8190635139,0.540793755,0.7102427986,0.3143501132,0.4711678989,0.8216368977,0.4592651972,0.3577982653,0.4942124473,0.8282492524,0.3352080474,0.1737615931,0.7120140203,0.8259782127,0.1006374785,0.2398741128,0.1419719898,0.3479414116,0.4503509789,0.748826337,0.6511475849,0.6209285675,0.3523749466,0.8414475531,0.4712871674,0.979104938,0.6341421383,0.1262647416,0.6761775621,0.3251040154,0.6863271967,0.06964114816,0.1748814372,0.8557372589,0.227179557,0.8370411252,0.2792760885,0.6428819101,0.6941505735,0.5126547531,0.3053106767,0.2126443764,0.03318935456,0.3039464012,0.6531627905,0.9383048184,0.8712044823,0.7660647765,0.7884473433,0.6649849035,0.2602868576,0.9071950307,0.6707323119,0.560440631,0.1109894692,0.4470555438,0.4603582712,0.8645636095,0.5466482202,0.380400549,0.9768003285,0.1107205933,0.4225484283,0.04202467517,0.7399041208,0.9180765522,0.2800373296,0.8583416768,0.2922182305,0.9107701616,0.7539619036,0.8049067768,0.0180065556,0.9628103571,0.7266709921,0.3047510954,0.8293946649,0.2815211984,0.8727538396,0.1125803904,0.7036859775,0.5406984766,0.0965344702,0.2418938283,0.01240403628,0.4687679655,0.3012652608,0.5983574843,0.2972378077,0.2999191115,21.84408498
0.7431931987,0.04814283598,0.9028949952,0.8522638744,0.6678046832,0.5932215701,0.8923024981,0.1853301795,0.07896916219,0.2395101699,0.7945782787,0.03467026673,0.5828068351,0.9954375162,0.8556960938,0.521445689,0.06364090929,0.8313735144,0.5989785082,0.1149329971,0.09385728482,0.9096268194,0.6692002629,0.8292867993,0.8789789003,0.571772352,0.5174463518,0.4304274103,0.3169465878,0.4345959609,0.7738796557,0.601923431,0.89252329,0.4433800144,0.6070895787,0.6313075531,0.5916971623,0.7026337731,0.2374334684,0.5123637775,0.1042248028,0.3845113276,0.4876670686,0.6522242595,0.9505310526,0.6006510665,0.7435939162,0.5062660595,0.6341040314,0.07093221613,0.2543915808,0.3618530932,0.472493355,0.0456487455,0.1400240976,0.2768143078,0.9715326909,0.3313470071,0.4820410581,0.1960977127,0.6107800711,0.2806832155,0.2069925784,0.5165726284,0.00550579916,0.007664032649,0.2190688091,0.0367213625,0.1080257541,0.3388606493,0.8025856796,0.5720486434,0.512667726,0.2934888232,0.9317537194,0.3970150412,0.0870927668,0.6170665161,0.1138383935,0.3452231428,0.5074119387,0.8742225247,0.4935465803,0.702258766,0.992816839,0.1314891199,0.2747315255,0.3945760756,0.4218281785,0.4110210753,0.9076110026,0.7140326445,0.6079052141,0.3093727179,0.8237903842,0.9550605115,0.8211982826,0.001565105191,0.6364013702,0.05113538144,18.2011731
0.2576072203,0.05952470035,0.6037954529,0.6865899135,0.1144876381,0.383838883,0.456236509,0.3690530218,0.1210250005,0.4189477902,0.7511780478,0.07100766453,0.08018001408,0.3547712918,0.9417257116,0.6685726467,0.6786699567,0.3619199908,0.5936607912,0.01013118403,0.6360960464,0.9132869476,0.6125734683,0.8736985935,0.7239730555,0.1205584164,0.9024533073,0.06644384436,0.5339674725,0.1421371238,0.01170661073,0.4220342601,0.2950407077,0.4860004938,0.5771998867,0.04373907231,0.1230032951,0.5586423965,0.3431673532,0.7291734875,0.6522916486,0.845604363,0.6924928267,0.4299310774,0.6729666224,0.2753811743,0.3063134988,0.7889851599,0.4464195164,0.7983803405,0.8224223737,0.8575623377,0.9166352358,0.4309852205,0.3188668183,0.5821987466,0.3711724234,0.6010741668,0.7055858626,0.6884050185,0.374552887,0.1668602017,0.4305293385,0.1425941441,0.8900970352,0.3458774607,0.1544597472,0.02544775991,0.6458223863,0.6369023175,0.3406041666,0.07171188885,0.4096288949,0.3112174951,0.6771206397,0.6057792495,0.3645937282,0.2178925543,0.9880359662,0.4540016212,0.6882742358,0.1405529676,0.4855896997,0.02753671987,0.5054551179,0.9640174071,0.384206713,0.03899601257,0.03095579092,0.3879867599,0.1600249365,0.02335209633,0.756213614,0.4585230089,0.289244772,0.900083183,0.1161389602,0.955918829,0.3139667174,0.8884036723,16.44805544
0.6029428765,0.8267073597,0.9840131632,0.2884054378,0.9611354854,0.3894818949,0.3855119047,0.3403871043,0.5414076073,0.1541450432,0.5537114854,0.5417048124,0.7619018126,0.8336499619,0.4404413503,0.3023332494,0.2593348973,0.1946238367,0.0576475822,0.3424479788,0.2702476921,0.9664173859,0.5577088263,0.347277039,0.580467601,0.1391967013,0.4440437492,0.6262343214,0.4888978318,0.4017788007,0.9938483889,0.8803147621,0.6234059582,0.5693773612,0.6206604798,0.2013121078,0.3951377433,0.03945953289,0.4755460375,0.543024584,0.2277497361,0.9640288472,0.9094546109,0.7221432355,0.5333866288,0.8699691596,0.1306523438,0.7905097943,0.124820814,0.7942106625,0.2757675683,0.877090581,0.9440420938,0.1487959694,0.4626756051,0.9809873782,0.483407436,0.8635475225,0.5887315221,0.3753299079,0.2857835555,0.2032230911,0.7617981914,0.3865405068,0.5112754622,0.49232548,0.5772790292,0.8655771456,0.9807393436,0.4075842086,0.8275189221,0.7645277947,0.5735289515,0.9560471436,0.2004745155,0.1092642103,0.853961967,0.4391498166,0.8469688542,0.8930902052,0.06245759362,0.883464763,0.4483190554,0.510432489,0.6265925111,0.9263826067,0.01911609443,0.4768434683,0.6877220424,0.7227069577,0.6925324315,0.1344351294,0.2993955884,0.3587155254,0.8044372077,0.2787598724,0.2107049639,0.957448019,0.008863285113,0.9978208557,29.55319324
0.6768212989,0.8284692994,0.2946193963,0.01431527767,0.7378695186,0.834144597,0.740476132,0.1428502873,0.7534279223,0.7689227821,0.6585405157,0.7661159328,0.8459214397,0.6136041142,0.08860471397,0.4876278097,0.07764933467,0.407543031,0.4071064891,0.06600984414,0.348820534,0.1109980988,0.80823521,0.947688026,0.07231647526,0.9551152073,0.5225765993,0.299565678,0.07686207528,0.5006242681,0.7945155445,0.7070864773,0.05022601146,0.07290183537,0.4028732826,0.295290494,0.2323843231,0.2810044989,0.8034827433,0.9292280536,0.4051026945,0.9061110021,0.3214957012,0.4764369863,0.2260289978,0.6404760422,0.9789811152,0.603493096,0.3578140841,0.647817446,0.1229206785,0.8886590803,0.5030839508,0.449349742,0.5858647885,0.6247838628,0.07177580623,0.6826172212,0.2419316803,0.7139526325,0.8225347944,0.8039585076,0.5525009674,0.5201698923,0.1428759613,0.7753461504,0.2714093804,0.4966954228,0.2842740929,0.133828363,0.6295576969,0.05433203482,0.7486452341,0.3175867953,0.0001346930045,0.5111291392,0.04685190853,0.2761695578,0.7069764875,0.06268962162,0.8393384924,0.003819922659,0.2468238692,0.7409040562,0.3162701497,0.1018923881,0.3602339188,0.2703932864,0.8427119022,0.3133479176,0.7889324718,0.8918721448,0.4338174196,0.9099431439,0.377318054,0.9640784165,0.08928952453,0.6870192665,0.4938140405,0.3876488055,23.94962889
0.6327118787,0.7038570916,0.00436326965,0.1669530887,0.7130460506,0.6663854136,0.9660475051,0.7610377903,0.9507727077,0.7025405015,0.2980522086,0.1053649223,0.7818238633,0.6441492215,0.04818601239,0.3600504659,0.9567998155,0.5004011457,0.432729136,0.4576996052,0.208882724,0.3687071709,0.369813256,0.05235502019,0.7675676285,0.4165044319,0.8221798868,0.8503480011,0.2119940547,0.6573534822,0.4722818042,0.8801567379,0.2157406792,0.6778132003,0.6077521223,0.2953014776,0.1366009037,0.6516397605,0.7385974581,0.3156273438,0.644832604,0.3951309076,0.7132068833,0.1992152749,0.8902150026,0.2874095965,0.3677859878,0.05809195208,0.1115122123,0.5158619027,0.2675926767,0.8354802257,0.01469338865,0.3790940487,0.3373455468,0.01932763092,0.124368399,0.4136426749,0.4928645844,0.4042897473,0.5309376784,0.5951316749,0.009923821128,0.4640951595,0.9634992409,0.5190322801,0.6775422675,0.3118638579,0.7739913782,0.7729214819,0.5212960477,0.9760138233,0.1255502148,0.01694766489,0.7701582118,0.8071555374,0.1202072291,0.265582833,0.01755236337,0.2933086108,0.7731418739,0.5179605277,0.3480955932,0.3717392949,0.001353625715,0.2998005276,0.6464587416,0.9741944438,0.847060827,0.02359496465,0.8985606047,0.7831984133,0.7803761236,0.457995759,0.398005293,0.3029157288,0.06569485895,0.2282353635,0.246603635,0.4840770697,22.95495272
0.7474444066,0.4738098284,0.05784444945,0.957789801,0.9427243191,0.7851895431,0.9913279016,0.5444823328,0.9627683503,0.07560504062,0.3656807483,0.225381268,0.1958330841,0.1408029489,0.6224136416,0.7813218557,0.5782983994,0.1469627096,0.8111237699,0.6359547072,0.3881657061,0.6741302955,0.2599049792,0.3451922085,0.9174858431,0.2905045057,0.4699882682,0.8901411374,0.7077213503,0.06220322616,0.1473030443,0.007841590772,0.6309217902,0.4476734254,0.1342748509,0.9579341211,0.5296597239,0.2418932941,0.5006035712,0.6796203327,0.07623921797,0.274703815,0.8069654909,0.4596648704,0.546577142,0.4328160022,0.04389994264,0.1657497798,0.4455416387,0.2091854654,0.04997902866,0.8436496641,0.9811925292,0.793142874,0.8537849217,0.2419771303,0.9606269755,0.1969257045,0.9514298104,0.994819294,0.7117228057,0.9811437318,0.5695397796,0.2595417832,0.4369958857,0.5935609354,0.07308156203,0.6223432646,0.9811778368,0.1901076498,0.7925951163,0.9078987938,0.9437015928,0.9601356044,0.5214596387,0.977307908,0.7573102071,0.1616714362,0.4769001065,0.7183311754,0.2473403158,0.6406151835,0.666600479,0.1626997438,0.5650853125,0.771626911,0.4988956645,0.01210311678,0.009038469079,0.357029344,0.9261940684,0.2286767796,0.6343636889,0.2220758707,0.3216699897,0.8480420896,0.7288614423,0.09539927731,0.428702021,0.02916976365,25.82985697
0.4808901466,0.6624340117,0.1185026236,0.2888849389,0.3978366255,0.9195310247,0.9932550154,0.044911299,0.7610079235,0.3717240664,0.3924581862,0.7542649733,0.9184264321,0.9509285945,0.577122586,0.3571211593,0.7875490859,0.2510013833,0.5640740288,0.3585784615,0.6566310737,0.2403989129,0.1915929457,0.9182390867,0.1018036829,0.5059579077,0.220852783,0.03892996333,0.03601881829,0.1752217721,0.8667703545,0.282478744,0.9504591706,0.581622293,0.4366141898,0.5800888347,0.5166983852,0.7587762538,0.282496066,0.3530503916,0.8940943025,0.9464565132,0.8925582275,0.419447994,0.780365503,0.4763357333,0.4975398521,0.2046801091,0.5911303033,0.1861358978,0.3315646991,0.8550302016,0.2070758092,0.07115828517,0.06900759261,0.9407845205,0.506920438,0.4094120718,0.810878581,0.8358259279,0.3321910331,0.6936180575,0.7711228159,0.6546506869,0.1515950748,0.8758830835,0.5390945527,0.2824724264,0.4252281854,0.0375710904,0.1278668012,0.7655467505,1.16E-05,0.4165658285,0.5225101811,0.05463442,0.973078163,0.2261253312,0.3041987196,0.3039425123,0.2304166621,0.001473822086,0.7293447941,0.9668454998,0.2242934833,0.6630471918,0.741896327,0.8484253791,0.422629197,0.3029309056,0.325295134,0.7126213331,0.8167794665,0.1816139678,0.3709410082,0.9019401967,0.8066935197,0.9848584028,0.7542482597,0.393195201,24.49287651
0.590637834,0.6610142542,7.85E-02,0.5444969591,0.7093208285,0.167321304,0.7806317174,0.5837727805,0.9522217857,0.04242229821,0.2653261376,0.6015538793,0.2965599122,0.7144241641,0.7590052825,0.1025159641,0.5138544642,0.5088905556,0.3692807702,0.9329248626,0.8275063199,0.6972093819,0.7143266357,0.4617161438,0.9209945211,0.6945954273,0.7289810617,0.8616909038,0.2740715893,0.8070709039,0.195240603,0.3453419522,0.3356104543,0.9785254684,0.8565372237,0.7011698616,0.7270567616,0.5620727944,0.9470906671,0.4962587529,0.3805177099,0.1630353369,0.7862056523,0.7344439321,0.3843550385,0.02519341396,0.8389973277,0.01141798345,0.7036997796,0.9702571097,0.4376613281,0.234973405,0.70487101,0.817128142,0.5464303161,0.9670352753,0.05166872166,0.5047955983,0.7184539473,0.8626404711,0.1792556119,0.8000034818,0.5527070757,0.396553682,0.1317150286,0.8652957589,0.1572732082,0.3097878592,0.290045532,0.8714140342,0.6727029942,0.7966813972,0.2504678988,0.6248740996,0.5717459831,0.8328303768,0.9060870605,0.01215677148,0.6740199191,0.05183579912,0.5488586651,0.287632729,0.3067765995,0.3529585035,0.621292449,0.3340499657,0.7326990506,0.4045273856,0.06835320031,0.7837598425,0.2857583246,0.4327668796,0.6854438832,0.3324561571,0.05658565615,0.373921047,0.9444485827,0.6417343973,0.6714791487,0.6322821536,25.18488827
0.198992139,0.4183338641,0.7509397984,0.1013728976,0.2778527761,0.2763191085,0.4320189276,0.9803687409,0.06750254668,0.5187009944,0.179364682,0.9706765454,0.1133035047,0.4036010024,0.7378849848,0.704554428,0.4227286369,0.346524168,0.3976123786,0.2642762632,0.2053329387,0.4830396976,0.2685337561,0.2874616649,0.6567560635,0.9685373317,0.6036372006,0.07697946706,0.07558361385,0.9514232208,0.2972907903,0.09206698608,0.5990445872,0.6236487783,0.6485048201,0.2674020279,0.01511068421,0.9650153695,0.2508930457,0.6760262881,0.7066298699,0.6100074171,0.3129073942,0.2710962538,0.5976682827,0.8660956336,0.9467337289,0.1059058044,0.1548286126,0.9447362588,0.7365352283,0.8829938248,0.2026326341,0.5875858711,0.7011395944,0.6801118854,0.4081516909,0.01539489169,0.5829260568,0.2531015392,0.4502542461,0.9575810151,0.3990353176,0.8398016067,0.1885406057,0.672460498,0.9770069544,0.1018931009,0.008319942227,0.4335827926,0.09262548305,0.7483843497,0.9145486638,0.4340209727,0.2587116422,0.434403319,0.7234478179,0.00905416158,0.5894539895,0.6132916849,0.6376882469,0.24202208,0.7140527234,0.09139148633,0.1992703365,0.8774700467,0.7387231507,0.01374555401,0.2483762604,0.214406483,0.270806328,0.2475597703,0.06252629574,0.4589405166,0.7327334748,0.6067317247,0.6728716686,0.08114917854,0.9514907102,0.8384918338,21.4029329
0.8050903185,0.822983805,0.9327105081,0.5442539661,0.2002820179,0.6167836079,0.7428814937,0.7379173934,0.5214490242,0.06845871933,0.3711129384,0.9207666085,0.5844489098,0.5383319433,0.2688535144,0.3684489199,0.8953460892,0.6664630475,0.7873870268,0.4543454231,0.6302472195,0.2483836087,0.7054608303,0.4276013337,0.4425455148,0.6493223246,0.9362806215,0.06400634661,0.8247432373,0.2923831104,0.4439194545,0.02191332878,0.3010460778,0.5026312426,0.05617607735,0.4910957294,0.9271106289,0.1053932181,0.7644407281,0.4096710534,0.6551737145,0.260236598,0.1594922625,0.1604626143,0.07049194564,0.1856467049,0.664219385,0.8816906118,0.8141256856,0.6851343099,0.1104318634,0.2891874463,0.3098068753,0.2499569464,0.5150056597,0.5355538149,0.3568859752,0.3537891587,0.8285555979,0.7892928483,0.3077958317,0.9137884439,0.952815017,0.326742542,0.3544249488,0.5056341534,0.9411208125,0.8763194331,0.1025679626,0.3927307433,0.5533711897,0.5031324726,0.1938630679,0.8588167712,0.676940783,0.8379083749,0.8587642793,0.7483558537,0.4392106012,0.610546755,0.1603654061,0.6736454175,0.1792532557,0.6939495905,0.2295981608,0.1175513002,0.1652844901,0.001992135219,0.7187396179,0.7324010491,0.5149333499,0.1613628011,0.08355433751,0.01912896644,0.165748177,0.890855535,0.2415368417,0.3542713272,0.1053454845,0.2223613047,21.5584256
0.5192245708,0.6077526831,0.2453523142,0.05773215923,0.3910328691,0.2342033709,0.2195539232,0.9598628027,0.6163004859,0.5568784432,0.4157751035,0.4289443334,0.5409050038,0.696429807,0.7021460962,0.1716939077,0.5001127521,0.411958095,0.8705269663,0.6314189212,0.5325040664,0.1153946422,0.6056378893,0.1172039057,0.3372065756,0.1428419648,0.692073647,0.2062521138,0.3918593732,0.8956747776,0.2043163834,0.507805064,0.4192716612,0.01812404105,0.7927581136,0.06904590631,0.474255021,0.5606782949,0.6284264566,0.6886316293,0.2532723835,0.009978776658,0.7234436624,0.5356565993,0.8361177032,0.8213883629,0.8433261678,0.48509466,0.3336283958,0.7915582026,0.451294113,0.1834421964,0.8549740196,0.8825598768,0.4663097561,0.07569972731,0.3878260899,0.8035376595,0.9017740285,0.2034727425,0.06697361203,0.8773504531,0.389404939,0.5417609643,0.9680658121,0.06656472791,0.6483180075,0.07410542257,0.3754689285,0.8038145452,0.4334722328,0.9971823539,0.5590592849,0.3211621526,0.2201113259,0.3505205343,0.3725332738,0.06871367772,0.3695741994,0.4642385197,0.7227377522,0.6567294847,0.7087656552,0.008363681877,0.2176673996,0.6616842884,0.4839893682,0.005313475668,0.8044946424,0.7728095733,0.548419163,0.06646332578,0.7665150495,0.5837135877,0.7819599772,0.7517469924,0.803002072,0.5180080664,0.1403245182,0.6711574734,20.76473395
0.6204737851,0.7422531872,0.1698810061,0.1949751999,0.8904095172,0.7499777985,0.9082284887,0.7587153212,0.597155306,0.654132737,0.8891279239,0.5788067545,0.6323913243,0.156476716,0.4739212201,0.716397112,0.2709426983,0.2022541805,0.3138268082,0.241500628,0.214912637,0.4248508429,0.9078385139,0.5070596467,0.1879203808,0.07697166938,0.6961561451,0.3827987644,0.8218309466,0.6595107686,0.7962414505,0.2719460394,0.6923589225,0.2640619847,0.9390684795,0.6363742815,0.3245118002,0.2695118623,0.1909265851,0.6946409589,0.218715613,0.5953032659,0.2646350269,0.6619689448,0.8149397285,0.7780252431,0.7608513309,0.1877224057,0.08838494698,0.6989488285,0.3683472138,0.4323462264,0.03114909279,0.2595764493,0.03367640387,0.8791857726,0.2433966832,0.5573371696,0.03897932066,0.6668473913,0.3230273458,0.897919187,0.8881181889,0.3252906184,0.9009608957,0.9961576735,0.8254156641,0.8448713478,0.2490087361,0.5767023989,0.06725591397,0.09491793682,0.998892612,0.3266392494,0.748183912,0.806665053,0.858023271,0.9976282974,0.2414964853,0.04035082686,0.411191518,0.1300806698,0.02242588916,0.3604268271,0.7837382511,0.5661806912,0.3127779892,0.6543420055,0.2320181803,0.01438144607,0.7643533864,0.6237430849,0.7623026245,0.03893801669,0.8371196278,0.6195262,0.5633953507,0.6246140481,0.8644332469,0.5869365066,20.38672981
0.5809503799,0.9906791571,0.7567301671,0.4422938055,0.707397,0.3892304717,0.2288754625,0.5968518769,0.9281820981,0.92913952,0.3419052781,0.5276774662,0.2116358986,0.9956311095,0.9811179079,0.6495089297,0.8044140597,0.7151001613,0.593158219,0.05334799699,0.4547643426,0.6747863022,0.6775316139,0.3731226184,0.9416919867,0.1673570322,0.5003594462,0.6908839766,0.6971358059,0.6486389568,0.2752882135,0.1562065687,0.6359403268,0.5993021161,0.1793560103,0.7051391456,0.4551719917,0.6677605916,0.8373670798,0.1697284286,0.019144868,0.7791025864,0.6096974252,0.6996395696,0.838154975,0.8028109348,0.9609201469,0.5359350789,0.4884956327,0.4018871999,0.1536910428,0.5726072329,0.2770125243,0.9213075122,0.5831908043,0.5928401805,0.3549246609,0.05198935198,0.03174376537,0.4233351442,0.0845653781,0.6068469555,0.8809730056,0.8829148165,0.6590454101,0.2112318315,0.8629968314,0.8860934353,0.196653585,0.7374260858,0.2865195489,0.8026403124,0.9972378999,0.03002600533,0.8973658658,0.6226305336,0.9733826192,0.4650095175,0.8473879306,0.0623940686,0.3352790501,0.06701653775,0.9753431335,0.8169739073,0.8525474212,0.9379652314,0.08510348612,0.3855975925,0.07103488904,0.2107931016,0.229365777,0.469107211,0.2685621675,0.1009781068,0.1674910891,0.1472755636,0.9730767979,0.7592925069,0.9677614653,0.4397404865,22.76684745
0.2783684817,0.7982931972,0.326253918,0.2993833737,0.2325059922,0.1296789782,0.256463061,0.3553197485,0.6739942081,0.06256484222,0.2105069397,0.8090236403,0.1469219236,0.3426451465,0.8646589219,0.1549253111,0.08273683562,0.4845379951,0.3024195113,0.5634083645,0.8038048905,0.1371484882,0.5806990846,0.5055087604,0.144078786,0.6239984855,0.2736404179,0.4878343185,0.08227232428,0.4595840572,0.306463468,0.8223812112,0.056978727,0.4186072749,0.4584314241,0.7250060763,0.5742875751,0.6672123372,0.7770492857,0.8622029737,0.3138754967,0.5380227054,0.8401080784,0.989451131,0.889519311,0.3714672626,0.1951665172,0.4893925374,0.7416414518,0.4925690708,0.4831808633,0.8382304211,0.3614037791,0.8597946748,0.406804801,0.3282331057,0.4539899112,0.7624469587,0.1260020279,0.1964192159,0.9514448257,0.1754916274,0.5677273179,0.5793144667,0.4896244621,0.6447452486,0.2298267258,0.5526622678,0.3721732552,0.6616672596,0.1412235434,0.5708774168,0.1852703554,0.2786430631,0.2187098003,0.1828377799,0.8257109516,0.2857075677,0.9271237819,0.9699265253,0.5712604699,0.1430011227,0.3745482434,0.7977322633,0.3673907287,0.0870172183,0.5567849109,0.8451208515,0.7959263871,0.1751231401,0.6727646144,0.2205042634,0.2182075346,0.8740717733,0.2496689527,0.2632473465,0.0006533907613,0.8706690341,0.7925948132,0.6273289351,19.74769688
0.7502657639,0.1520485674,0.4583235946,0.3512193873,0.09377652626,0.4861304852,0.9207396503,0.04005911905,0.2914609135,0.2075409362,0.2381466537,0.9084345519,0.4680690542,0.4662994129,0.7605756425,0.154492204,0.4872653541,0.4299852141,0.5969106905,0.9995577033,0.7694488941,0.397865703,0.8275530523,0.1707083633,0.03046368631,0.2044483725,0.3404115561,0.5105807575,0.6151291405,0.9106057172,0.5098540096,0.5012756446,0.05024300982,0.03491155266,0.5511599619,0.4381786132,0.839180395,0.1606795847,0.02497166212,0.4490387679,0.2374785568,0.04961437334,0.7245982868,0.111593,0.6083195,0.2810497502,0.1734960504,0.3797515229,0.8014457762,0.3920935769,0.7507696492,0.1254862968,0.7727714197,0.2369333249,0.6773931299,0.5657815548,0.9291447172,0.387322518,0.06616518883,0.01915548555,0.826858561,0.5247356377,0.7752440518,0.2344256,0.3450837455,0.03010387221,0.9614923246,0.6678679067,0.9332050878,0.2654964074,0.6114636112,0.6784999683,0.3175497003,0.848109235,0.9471614629,0.8848551177,0.7390669759,0.2774646797,0.2816160421,0.9633603204,0.01028449594,0.7160499732,0.7062461626,0.6226895409,0.9901088461,0.3118794358,0.3399718638,0.07893940295,0.4427981365,0.2610485262,0.3433867022,0.8345717903,0.9354845135,0.185733072,0.3725089316,0.9286305621,0.06180846069,0.09236052811,0.1627909892,0.5952128341,20.92040258
0.150472271,0.9680763815,0.4467145273,0.5015179604,0.2466586158,0.4709602524,0.6619136326,0.751177137,0.7538680827,0.5778911127,0.904359775,0.8174078473,0.7570481147,0.05560552168,0.00687796222,0.2124472772,0.6635235939,0.4111974889,0.4024062593,0.8845868882,0.8955628481,0.9091752641,0.3138780765,0.6910558127,0.2716331813,0.1906098331,0.1846324573,0.3421076209,0.4299576198,0.8309491711,0.1198910935,0.7349258474,0.5314549142,0.2879453427,0.4928195845,0.2999420698,0.5960819552,0.4338439229,0.1644055291,0.1165830746,0.5466956821,0.9024130333,0.3439576866,0.7330001072,0.6586613549,0.9315549143,0.8209810173,0.5666052589,0.6570304982,0.8983864666,0.3995187846,0.3267947059,0.01081108364,0.8265510742,0.8009807004,0.1044545181,0.5768573811,0.4639816982,0.1187090955,0.9805682271,0.2146958875,0.06723418009,0.5948473795,0.7388666771,0.03244344605,0.6587176387,0.532291876,0.1032650089,0.1725238769,0.5679742973,0.2963576135,0.9383157287,0.8187402295,0.9835672065,0.259670839,0.9697236328,0.4312338698,0.3475187953,0.05034952697,0.05276525786,0.6920112559,0.4579289944,0.226521626,0.6139703063,0.2528581183,0.5776317543,0.359208747,0.8235522266,0.8206961608,0.4773503981,0.3508191093,0.3625597966,0.8057145257,0.3281794828,0.2090593737,0.08468834188,0.4666931209,0.4821320989,0.8409087104,0.2212386964,26.48567375
0.3809912737,0.8084057389,0.8236236107,0.384611076,0.4591240233,0.3032858908,0.9325548784,0.1186437657,0.933749423,0.6838664518,0.5315721527,0.03265906078,0.4755961918,0.407748105,0.161218812,0.6564096035,0.9711509074,0.5621888111,0.7147532764,0.06845045257,0.4176669958,0.1163584852,0.6127958355,0.9384821582,0.6617777325,0.07680304831,0.354666205,0.5506633794,0.4032077561,0.8336440105,0.8146710047,0.6118310201,0.3734579451,0.2553363738,0.1058743182,0.3548976835,0.4131725172,0.6758229251,0.6581598243,0.07010813964,0.3952593154,0.1817788672,0.1568127053,0.8273021497,0.04191521672,0.4191828759,0.1682036558,0.8793302157,0.5570405133,0.2313806364,0.5024272872,0.7314863597,0.9581180089,0.2204460042,0.8861817721,0.9343041142,0.9164205445,0.6354143569,0.6298206544,0.4032106332,0.7523978823,0.5312940184,0.6774380712,0.4284579038,0.731496464,0.8244715176,0.1464362566,0.8329297156,0.5402965318,0.8446659091,0.4313017063,0.3790404854,0.9150607325,0.2511692675,0.8442123253,0.4840205725,0.5140954426,0.3084682815,0.5730422006,0.3252111963,0.03926941424,0.2719986053,0.006379043407,0.9783547871,0.9657472098,0.3951552975,0.7283708543,0.3458060984,0.6710931571,0.805430043,0.9467562447,0.4002122758,0.783297983,0.2659284506,0.9903323038,0.02576959876,0.6035288065,0.6595059817,0.6880455571,0.1203875788,24.70846828
0.9385297835,0.1811832791,0.6227534032,0.2226760791,0.307216417,0.5464585417,0.4171934186,0.160225601,0.1709364024,0.4181447882,0.7572829783,0.8979646468,0.08412766226,0.3931039076,0.1002455637,0.01659248063,0.6617186826,0.602449442,0.1630191138,0.2338128331,0.02370775364,0.8349472057,0.974690596,0.1354595368,0.2314752138,0.8684095239,0.926463798,0.4196273828,0.05062247227,0.03939183369,0.5739498661,0.3928951089,0.02865242758,0.5832523923,0.01130253659,0.7873719581,0.3064328227,0.04025800301,0.588352221,0.3976844144,0.9738004134,0.5441986625,0.275239181,0.7094388646,0.2714920025,0.9042432914,0.3747219705,0.5498685628,0.05057310382,0.426121238,0.8323635397,0.8056488054,0.2243185589,0.226079071,0.8173053122,0.9303984202,0.09536092127,0.4500586394,0.337454279,0.8706884555,0.08352491468,0.2111259426,0.7524683376,0.05129384898,0.4925353807,0.4421070347,0.334401179,0.3945723153,0.5299405869,0.1613673584,0.5719958783,0.8054323293,0.7601609298,0.1538999047,0.1492494697,0.2681743677,0.3610747263,0.4084555814,0.6796972168,0.05668043217,0.03467270423,0.3919105629,0.6971636921,0.193435343,0.6415044813,0.2598281379,0.8860861088,0.8956899443,0.2972872043,0.229993754,0.4113039721,0.2405315852,0.6723838433,0.8260646845,0.6730921309,0.8243504472,0.3969921622,0.1563169707,0.7379509474,0.3604745051,23.81075817
0.6712708252,0.270643942,0.08122963481,0.9925817955,0.1562015079,0.988420994,0.9772799326,0.7938181039,0.6594229621,0.5778070503,0.8661015454,0.2894395216,0.4676812125,0.6193899694,0.4111904759,0.4274864541,0.3302846675,0.5642318167,0.850574528,0.201528378,0.9344330388,0.6890876537,0.8232732127,0.5561906926,0.7795167014,0.01620039734,0.8183804248,0.04013885909,0.8899133764,0.9919627472,0.2940674622,0.2103185563,0.7653633639,0.2530263409,0.8655623832,0.1028425922,0.1259551964,0.9791515551,0.6738388983,0.8468872244,0.3243293774,0.6764837495,0.5942418273,0.6031501201,0.6825324595,0.5753591731,0.4290623693,0.2759226944,0.7685813309,0.22627243,0.6923543062,0.2333328226,0.62533017,0.7470782671,0.2187138889,0.05994330086,0.130973743,0.6059969673,0.8494464062,0.04499682124,0.734151259,0.341318646,0.4785283699,0.9288595498,0.3319715047,0.4653369339,0.01368241476,0.08159872,0.2585915911,0.02785224082,0.631375326,0.4263983568,0.5481452027,0.1746471859,0.2959320294,0.6638244749,0.9653027236,0.0504167736,0.8903843209,0.5768812013,0.5639195668,0.5002785352,0.0693940859,0.08987685174,0.6009120057,0.3409585714,0.9172680666,0.4065905374,0.1432814587,0.7147188335,0.2933534214,0.5254703074,0.6978327855,0.9002641112,0.7921911948,0.6763610679,0.6796331824,0.945924644,0.2958240975,0.001112094196,22.21654188
0.2719545594,0.2178913796,0.6618345851,0.6337115998,0.5934613827,0.01624344321,0.7287780545,0.3235304125,0.665055989,0.5565784285,0.3427309254,0.1345762671,0.09441889766,0.8315183331,0.9183975421,0.6497880468,0.1034341149,0.4020272169,0.7289392001,0.779820884,0.1182186223,3.07E-05,0.7121370459,0.356596176,0.2544813316,0.01289746979,0.5402994068,0.8511507354,0.9576316463,0.5657449506,0.5144613277,0.08505638549,0.5488728015,0.379979079,0.6071352809,0.3887263479,0.2402991235,0.09496527523,0.3149184446,0.09664483429,0.1768969508,0.9873361586,0.4441035569,0.5318717665,0.8736185287,0.9955689005,0.5827144493,0.812473821,0.3269410243,0.3057439574,0.402703721,6.73E-01,0.6821916893,0.3152394346,0.1332099241,0.6323962565,0.1283258622,0.5784925082,0.6934221281,0.7006114964,0.7534721107,0.8728594216,0.499958992,0.7302491895,0.6191727354,0.1866399398,0.02568964487,0.2845413857,0.4430337063,0.6171059444,0.8499593305,0.1962457167,0.1255497899,0.9634799475,0.1080445594,0.4784910701,0.5855637288,0.5413744209,0.08603215703,0.057026914,0.1054834275,0.5855876839,0.5443448876,0.233740792,0.6377741418,0.8200675021,0.04157895985,0.4981299435,0.6893104121,0.2523119271,0.3077709053,0.613637903,0.8979352934,0.8099244203,0.5831302191,0.7302217178,0.3648224702,0.6409655281,0.4661815911,0.1899361365,21.46305134
0.7017382739,0.5564646373,0.358621582,0.9113391901,0.02093411783,0.3157731512,0.05688139778,0.7665273162,0.7021074541,0.3313522187,0.6756629022,0.3959372262,0.7562537914,0.4541836627,0.4122797278,0.9347299155,0.2508790999,0.12044734,0.5845431133,0.9693218123,0.3778392137,0.06203676363,0.3393052673,0.5059316543,0.1619230066,0.6581022181,0.997749389,0.451739476,0.3547285567,0.4007041668,0.1151461784,0.8832736014,0.4148256555,0.3872744114,0.6596902729,0.4420334209,0.6482334688,0.06144629013,0.8137233437,0.9405039529,0.6487653862,0.9545659289,0.1514323144,0.4774161895,0.6018067339,0.5817366474,0.4014617791,0.3380844094,0.1268240226,0.3917424506,0.1626608151,0.7343656765,0.2088309355,0.05856530528,0.5523661378,0.5952297327,0.8719130613,0.5769816124,0.3454808537,0.8030118815,0.5402788932,0.07928028463,0.5658505603,0.9080185454,0.3963126255,0.2963258019,0.143469457,0.1514455219,0.4327714843,0.5956798242,0.08061540517,0.939568589,0.7551336174,0.5866239183,0.8284386709,0.08018675681,0.4768388777,0.6300931269,0.8286529061,0.78346956,0.2770692497,0.9408801696,0.1243458414,0.8751336186,0.9709402496,0.1771535232,0.7220660642,0.04028551878,0.4054228251,0.5162832992,0.5806452259,0.9359372482,0.6722506873,0.4812779512,0.8096750363,0.950532821,0.02206614868,0.9825212723,0.08613213906,0.8143867793,21.06255398
0.2803347526,0.1321796578,0.4398556397,0.6439565794,0.380951845,0.05456540828,0.5994611397,0.9024032761,0.3832153659,0.2163327776,0.4425773459,0.04836271105,0.8204875845,0.826340811,0.5880004634,0.3531028889,0.7997833644,0.5546870248,0.8259323086,0.6314587926,0.7844054732,0.5985629932,0.4141410682,0.9579458599,0.5411138249,0.6050895185,0.2204876394,0.6256507894,0.5716076495,0.1848383979,0.05958709735,0.6043593197,0.7636922694,0.5234013709,0.2267726253,0.6665219767,0.08010572661,0.4418337048,0.1633667584,0.1844590511,0.2022939492,0.386707057,0.05115020562,0.3977934409,0.5117074471,0.483294285,0.3827841004,0.8391466081,0.1453266924,0.5056967438,0.06204141696,0.07115567888,0.5738658497,0.5660184249,0.8780335128,0.5578736757,0.9597910204,0.0486948484,0.09800768478,0.04406586157,0.1852768503,0.5412701109,0.6455721814,0.04558515795,0.9459708898,0.8421653767,0.2966124822,0.07718753023,0.1698870732,0.1269444138,0.1232837793,0.5185616887,0.2458474425,0.3581397165,0.9895053334,0.6843142489,0.948980667,0.142556555,0.3821394748,0.5547318033,0.07675806189,0.004187443628,0.6704343338,0.6418195168,0.41078881,0.489644076,0.4154430006,0.02400504484,0.3353716062,0.1770822554,0.0984241891,0.9567204339,0.599359725,0.7286562842,0.3153637433,0.3931471295,0.2369239939,0.09696567097,0.1790316374,0.7975140453,19.14383805
0.6775458052,0.546928876,0.4750898729,0.9224342837,0.07273494778,0.2806008132,0.3499378536,0.7824258122,0.9925146202,0.2406705148,0.8743073341,0.8306227604,0.2246573976,0.3993325802,0.4096728693,0.9782206685,0.1808919014,0.7991579711,0.3341927142,0.7308703458,0.4200110043,0.5783597631,0.8326117733,0.804165565,0.8664231835,0.05961732534,0.692050553,0.1399873767,0.415818568,0.5485884151,0.4027394847,0.5196116758,0.9965263088,0.1352173137,0.6754560453,0.3960009664,0.1330097989,0.1587367634,0.9492731062,0.8796014967,0.9070419604,0.9915327758,0.20831539,0.3554393374,0.6692190299,0.4838025399,0.4183895334,0.3578112493,0.5937806319,0.5755934286,0.1614578341,0.4717398375,0.5534717762,0.5702869387,0.2101071929,0.7422713923,0.02519909482,0.3548318555,0.7802126485,0.5638929211,0.2611624325,0.6949531193,0.5673909442,0.7962436095,0.7350251862,0.610107922,0.4881776753,0.1331821257,0.2613330179,0.4190994729,0.599299287,0.5137078552,0.288184526,0.00646435779,0.4962392219,0.2856259886,0.7346083007,0.02394626527,0.5848278113,0.9414742375,0.1744092671,0.4716494908,0.09142199182,0.6256819123,0.5505316806,0.4073655242,0.5213770215,0.8965746585,0.1962943023,0.02256451171,0.8616648847,0.5771170824,0.8906584555,0.5969452234,0.81016109,0.4296733634,0.7498599313,0.9130414669,0.5721229637,0.1807851506,22.36926799
0.268797615,0.1986445769,0.2468570276,0.3064154494,0.5551337868,0.5879916295,0.4264997472,0.6154207798,0.08157492561,0.08778823706,0.1718294604,0.518077498,0.2139946787,0.2832844035,0.4003128362,0.811866124,0.01386213591,0.6493788202,0.668876531,0.7986557804,0.9327529391,0.02013784895,0.1537837055,0.8861712941,0.4585185622,0.5645906389,0.6630272037,0.6790666045,0.9317404033,0.9969494174,0.7201574609,0.2872212092,0.8797524023,0.04922091454,0.2310808529,0.8973857175,0.2561915144,0.2206510596,0.1381252931,0.8591117576,0.5000582592,0.6748932031,0.2390663841,0.758040421,0.760005545,0.3125980249,0.410682633,0.2096902774,0.9765610233,0.6456025771,0.9345438807,0.3033855436,0.781890913,0.7658586439,0.6916556519,0.9656389753,0.3935553361,0.1307173236,0.6717088592,0.7293098005,0.5750605735,0.2068178931,0.5044559417,0.3121897366,0.4274665282,0.6452185758,0.7452147427,0.2322246909,0.4053253606,0.269161571,0.1986316139,0.78338722,0.9092526944,0.3702321857,0.7512789244,0.8969952894,0.8461242105,0.1828133885,0.9562918815,0.3766764404,0.3392406612,0.06243132728,0.4861736541,0.1090136156,0.2485398209,0.3169426218,0.8088263235,0.8754886504,0.3024663175,0.8586981212,0.8572309374,0.7646509504,0.146695114,0.6903228469,0.9450240646,0.6825404788,0.3316168491,0.5005793174,0.6457250434,0.5105704087,23.22132516
0.1199529417,0.3120640447,0.8023960306,0.8614180461,0.1373000327,0.9523867524,0.3288226178,0.6623137387,0.751825146,0.8119462346,0.9457497022,0.312919548,0.8585064546,0.1316869034,0.7050409064,0.7419777295,0.6777232412,0.2523147361,0.873043147,0.1688584634,0.05363479152,0.7174649906,0.4754757152,0.84909802,0.3833971411,0.1682785885,0.8364421925,0.5489096316,0.1891957924,0.7203839986,0.5111136385,0.6043129822,0.4608983382,0.8287089838,0.8295627157,0.7093888218,0.1054013774,0.8388538619,0.6710129805,0.697024166,0.3629828404,0.8792795562,0.7253716002,0.1125904665,0.4077780344,0.886380362,0.0471967017,0.9614166196,0.6791625683,0.6313759776,0.2705592565,0.2487917887,0.9420582195,0.2982724542,0.7755052967,0.3931217982,0.1392540708,0.0107152977,0.544257337,0.9757788185,0.3691361938,0.357192334,0.3440916178,0.5205438373,0.4406648834,0.8799146267,0.5055207917,0.5077578382,0.1383715947,0.9827395409,0.2499728909,0.07336406746,0.663146249,0.5953663702,0.415145654,0.4221922339,0.785063921,0.1957126401,0.8202533189,0.6487471139,0.4189697738,0.4580286166,0.2566472072,0.7521143327,0.5128747423,0.3208545427,0.5960501158,0.9957344521,0.4352622797,0.9206914008,0.3450168399,0.05473270692,0.2042421064,0.4186951433,0.2196349286,0.0002270382183,0.9150015377,0.8438794112,0.7422922315,0.1678145956,23.47012918
0.1203635762,0.06760474947,0.7240291888,0.9288079607,0.4305358209,0.119140672,0.5123928207,0.3488319075,0.3748249243,0.6213306242,0.7187181133,0.1106035989,0.03559023081,0.9943303027,0.2327283489,0.05383052491,0.1898753291,0.03895784635,0.3918108946,0.8024017845,0.3412444498,0.4441834069,0.6755867736,0.5088940701,0.861445686,0.866035675,0.009910695491,0.7780463065,0.4607336002,0.9888405413,0.4832320759,0.9868959454,0.7545693612,0.2486048846,0.5383949793,0.9921356395,0.8575306078,0.09736689379,0.7063719968,0.3455795859,0.00698226188,0.403480969,0.2347544217,0.8188692705,0.3373306088,0.827523694,0.0005979388348,0.30781915,0.2411652143,0.2335673611,0.06818661977,0.1871242704,0.5555495699,0.2913610728,0.4173947823,0.3768668803,0.875904925,0.905298999,0.4929569717,0.3301559503,0.106800704,0.9534028794,0.0602269449,0.2976502776,0.2980662012,0.3204012861,0.1642868433,0.7831614309,0.122497862,0.6349066592,0.1238460267,0.07053563759,0.9094295037,0.1901287663,0.8212501546,0.5446308711,0.07785651961,0.9554481914,0.246961167,0.8596453454,0.1688100058,0.8539428821,0.01322881291,0.5117804566,0.7694425794,0.9347955175,0.9092021362,0.8196248695,0.8881913497,0.1992196858,0.2841842957,0.2889685249,0.377053931,0.3933206704,0.5445553247,0.1598797634,0.6912466638,0.1675665393,0.3103084821,0.5033451306,20.67365204
0.7964405615,0.7394692332,0.6455343564,0.1557732606,0.5470453456,0.0874465018,0.3773631768,0.4135165303,0.03981143945,0.2739880995,0.9556494673,0.9536326078,0.3523270543,0.04310010895,0.1790949393,0.3922177934,0.947779698,0.1411990635,0.7635158437,0.1086825394,0.9812575774,0.3816164991,0.7752345389,0.3425910828,0.6276688772,0.1920160847,0.1460210193,0.9380641396,0.9176472779,0.8874689402,0.6254334502,0.8082682112,0.06903693691,0.3347890419,0.3137031248,0.635645322,0.3559577735,0.1485067816,0.5964670754,0.8143839207,0.3821234945,0.1322687151,0.1966881973,0.2374833052,0.299897593,0.6427950705,0.6009454845,0.6960798616,0.3625019845,0.8239976519,0.2040876612,0.4690407475,0.8009387215,0.1801586477,0.1098631137,0.8836839677,0.3429296628,0.6838701249,0.02534860426,0.6900468884,0.3161013115,0.05574085359,0.6098127615,0.2408038161,0.3868072421,0.08058081229,0.1471632511,0.2979772355,0.08975950056,0.9108262647,0.006047043184,0.4838602189,0.1232474581,0.3076790895,0.9260595598,0.1616945533,0.9658323197,0.205794377,0.7415661085,0.5466772649,0.8844787276,0.5539932555,0.5345592192,0.1954580004,0.1662293621,0.9164891511,0.3278381989,0.372082255,0.7598236584,0.3388234824,0.9520624466,0.737927769,0.5974292426,0.8808951605,0.04960590835,0.2570626922,0.4650363342,0.2269785395,0.7439051873,0.9192080311,19.70648913
0.4237701199,0.3421326001,0.9615507321,0.4448524328,0.4890484004,0.3516498723,0.909548473,0.5689554833,0.7621745872,0.8118067184,0.3418490419,0.4336943313,0.8484717744,0.3632553517,0.7939351335,0.9409923226,0.6232103731,0.7416272875,0.805097312,0.8450396489,0.3950533379,0.05126345918,0.4018762712,0.6737562298,0.4503503858,0.7489631509,0.3569824295,0.6347441411,0.1864198049,0.7493694366,0.5456959688,0.2040643885,0.2919111735,0.7486087086,0.4826012357,0.2160314404,0.9672711904,0.7151250198,0.9571348325,0.4271050454,0.4751003407,0.8979552162,0.5250493402,0.7072789119,0.2521728775,0.4467264687,0.1234498658,0.2059800359,0.0009434152676,0.03926505165,0.9772838232,0.2423536951,0.6633107095,0.8390996988,0.5506604592,0.1531445001,0.7281164373,0.6002514101,0.7312505893,0.7697466229,0.9754103677,0.57356328,0.3416411127,0.6484645569,0.06844070924,0.8973973183,0.1193810113,0.3278428379,0.8157453806,0.5973123783,0.3936355203,0.4734356594,0.8545473932,0.3400043861,0.8696496848,0.08813443098,0.7767984372,0.8475476331,0.1818176528,0.4303465324,0.1654997747,0.706604129,0.5353477681,0.6353233467,0.196486967,0.2117458621,0.04149732551,0.3220675352,0.5597446613,0.857934914,0.6669274475,0.4353963234,0.9531201144,0.7192452006,0.9301652029,0.5275879733,0.2589042748,0.05282668636,0.7260848515,0.121302998,22.18828283
0.3027751283,0.5324709079,0.5644165878,0.600583197,0.1662553303,0.3797374048,0.6171942271,0.9698188646,0.7276311377,0.9226037571,0.7622120583,0.5917169689,0.1920233691,0.6666856519,0.623379566,0.6024691705,0.489785868,0.528656604,0.3344425271,0.5193126926,0.1975559057,0.8051743974,0.1857769547,0.08496628989,0.4362460264,0.6583074395,0.4377168249,0.276754132,0.5581711839,0.3470023354,0.9328676901,0.9226451396,0.50237182,0.327883994,0.737132414,0.03671294348,0.474769006,0.3363233943,0.9205358851,0.01200302727,0.5528148757,0.7406635811,0.4850179875,0.08540303016,0.97246139,0.5180104314,0.6141862443,0.2366097827,0.4834980851,0.429149492,0.074895842,0.1061603535,0.8374725196,0.2398199522,0.1949582715,0.5049114513,0.7687471314,0.06194651858,0.5768079196,0.1192104428,0.03646105083,0.05274395216,0.8341641082,0.1179724836,0.04515136441,0.4378998871,0.8439934719,0.2624083765,0.4217126175,0.03992253256,0.4490785141,0.5776130806,0.5709070538,0.3324266922,0.3155331807,0.1066236189,0.3667983206,0.09949466887,0.7665959447,0.9662742977,0.9700744567,0.8650710994,0.6007921493,0.7008656972,0.2852058027,0.6307704202,0.4556495494,0.4820173398,0.7577765604,0.2819183556,0.3180396117,0.9246417911,0.05622429485,0.4856342984,0.9128008004,0.6103630078,0.5464070742,0.2497441792,0.3432754891,0.8520484158,23.18806045